[{"pk": 1, "model": "scores.phasetype", "fields": {"name": "group"}}, {"pk": 2, "model": "scores.phasetype", "fields": {"name": "cup"}}, {"pk": 1, "model": "scores.phase", "fields": {"edition_division": 1, "phase_type": 1, "name": "Grupowa", "parent": null}}, {"pk": 2, "model": "scores.phase", "fields": {"edition_division": 1, "phase_type": 2, "name": "pucharowa 1-8", "parent": null}}, {"pk": 3, "model": "scores.phase", "fields": {"edition_division": 1, "phase_type": 1, "name": "grupowa 9-12", "parent": null}}, {"pk": 1, "model": "scores.group", "fields": {"phase": 1, "name": "A", "parent": null, "squads": [2, 4, 5]}}, {"pk": 2, "model": "scores.group", "fields": {"phase": 1, "name": "B", "parent": null, "squads": [3, 6, 7]}}, {"pk": 3, "model": "scores.group", "fields": {"phase": 1, "name": "C", "parent": null, "squads": [8, 9, 10]}}, {"pk": 4, "model": "scores.group", "fields": {"phase": 1, "name": "D", "parent": null, "squads": [11, 12, 13]}}, {"pk": 5, "model": "scores.group", "fields": {"phase": 2, "name": "", "parent": null, "squads": []}}, {"pk": 6, "model": "scores.group", "fields": {"phase": 3, "name": "", "parent": null, "squads": []}}, {"pk": 1, "model": "scores.field", "fields": {"edition": 2, "name": "1"}}, {"pk": 2, "model": "scores.field", "fields": {"edition": 2, "name": "2"}}, {"pk": 1, "model": "scores.gamestate", "fields": {"name": "not started"}}, {"pk": 2, "model": "scores.gamestate", "fields": {"name": "running"}}, {"pk": 3, "model": "scores.gamestate", "fields": {"name": "ended"}}, {"pk": 1, "model": "scores.game", "fields": {"group": 1, "name": null, "start": "2012-07-28T13:00:00Z", "points1": 0, "points2": 0, "state": 1, "field": 1, "length": 60, "squad1": 4, "squad2": 5, "desc": null}}, {"pk": 2, "model": "scores.game", "fields": {"group": 1, "name": null, "start": "2012-07-28T17:40:00Z", "points1": 0, "points2": 0, "state": 1, "field": 1, "length": 50, "squad1": 5, "squad2": 2, "desc": null}}, {"pk": 3, "model": "scores.game", "fields": {"group": 1, "name": null, "start": "2012-07-28T15:20:00Z", "points1": 0, "points2": 0, "state": 1, "field": 2, "length": 50, "squad1": 2, "squad2": 4, "desc": null}}, {"pk": 4, "model": "scores.game", "fields": {"group": 2, "name": null, "start": "2012-07-28T13:00:00Z", "points1": 0, "points2": 0, "state": 1, "field": 1, "length": 50, "squad1": 6, "squad2": 7, "desc": null}}, {"pk": 5, "model": "scores.game", "fields": {"group": 2, "name": null, "start": "2012-07-28T15:20:00Z", "points1": 0, "points2": 0, "state": 1, "field": 1, "length": 50, "squad1": 3, "squad2": 6, "desc": null}}, {"pk": 6, "model": "scores.game", "fields": {"group": 2, "name": null, "start": "2012-07-28T17:40:00Z", "points1": 0, "points2": 0, "state": 1, "field": 2, "length": 50, "squad1": 7, "squad2": 3, "desc": null}}, {"pk": 7, "model": "scores.game", "fields": {"group": 3, "name": null, "start": "2012-07-28T14:10:00Z", "points1": 0, "points2": 0, "state": 1, "field": 1, "length": 50, "squad1": 8, "squad2": 10, "desc": null}}, {"pk": 8, "model": "scores.game", "fields": {"group": 3, "name": null, "start": "2012-07-28T16:30:00Z", "points1": 0, "points2": 0, "state": 1, "field": 2, "length": 50, "squad1": 9, "squad2": 8, "desc": null}}, {"pk": 9, "model": "scores.game", "fields": {"group": 3, "name": null, "start": "2012-07-28T18:50:00Z", "points1": 0, "points2": 0, "state": 1, "field": 1, "length": 50, "squad1": 10, "squad2": 9, "desc": null}}, {"pk": 10, "model": "scores.game", "fields": {"group": 4, "name": null, "start": "2012-07-28T14:10:00Z", "points1": 0, "points2": 0, "state": 1, "field": 2, "length": 50, "squad1": 11, "squad2": 13, "desc": null}}, {"pk": 11, "model": "scores.game", "fields": {"group": 4, "name": null, "start": "2012-07-28T16:30:00Z", "points1": 0, "points2": 0, "state": 1, "field": 1, "length": 50, "squad1": 12, "squad2": 11, "desc": null}}, {"pk": 12, "model": "scores.game", "fields": {"group": 4, "name": null, "start": "2012-07-28T18:50:00Z", "points1": 0, "points2": 0, "state": 1, "field": 2, "length": 50, "squad1": 13, "squad2": 12, "desc": null}}, {"pk": 13, "model": "scores.game", "fields": {"group": 5, "name": "1", "start": "2012-07-28T20:20:00Z", "points1": 0, "points2": 0, "state": 1, "field": 1, "length": 50, "squad1": null, "squad2": null, "desc": ""}}, {"pk": 14, "model": "scores.game", "fields": {"group": 5, "name": "2", "start": "2012-07-28T20:20:00Z", "points1": 0, "points2": 0, "state": 1, "field": 2, "length": 50, "squad1": null, "squad2": null, "desc": ""}}, {"pk": 15, "model": "scores.game", "fields": {"group": 5, "name": "3", "start": "2012-07-28T21:30:00Z", "points1": 0, "points2": 0, "state": 1, "field": 1, "length": 50, "squad1": null, "squad2": null, "desc": ""}}, {"pk": 16, "model": "scores.game", "fields": {"group": 5, "name": "4", "start": "2012-07-28T21:30:00Z", "points1": 0, "points2": 0, "state": 1, "field": 2, "length": 50, "squad1": null, "squad2": null, "desc": ""}}, {"pk": 17, "model": "scores.game", "fields": {"group": 6, "name": "5", "start": "2012-07-28T22:40:00Z", "points1": 0, "points2": 0, "state": 1, "field": 1, "length": 50, "squad1": null, "squad2": null, "desc": ""}}, {"pk": 18, "model": "scores.game", "fields": {"group": 6, "name": "6", "start": "2012-07-28T22:40:00Z", "points1": 0, "points2": 0, "state": 1, "field": 2, "length": 50, "squad1": null, "squad2": null, "desc": ""}}, {"pk": 19, "model": "scores.game", "fields": {"group": 5, "name": "7", "start": "2012-07-29T13:00:00Z", "points1": 0, "points2": 0, "state": 1, "field": 1, "length": 50, "squad1": null, "squad2": null, "desc": ""}}, {"pk": 20, "model": "scores.game", "fields": {"group": 5, "name": "8", "start": "2012-07-29T13:00:00Z", "points1": 0, "points2": 0, "state": 1, "field": 2, "length": 50, "squad1": null, "squad2": null, "desc": ""}}, {"pk": 1, "model": "scores.qualification", "fields": {"object_id_from": 1, "content_type_from": 42, "position_to": 1, "content_type_to": 33, "position_from": 1, "object_id_to": 13}}, {"pk": 2, "model": "scores.qualification", "fields": {"object_id_from": 3, "content_type_from": 42, "position_to": 2, "content_type_to": 33, "position_from": 2, "object_id_to": 13}}, {"pk": 3, "model": "scores.qualification", "fields": {"object_id_from": 2, "content_type_from": 42, "position_to": 1, "content_type_to": 33, "position_from": 1, "object_id_to": 14}}, {"pk": 4, "model": "scores.qualification", "fields": {"object_id_from": 4, "content_type_from": 42, "position_to": 2, "content_type_to": 33, "position_from": 2, "object_id_to": 14}}, {"pk": 5, "model": "scores.qualification", "fields": {"object_id_from": 2, "content_type_from": 42, "position_to": 1, "content_type_to": 33, "position_from": 2, "object_id_to": 15}}, {"pk": 6, "model": "scores.qualification", "fields": {"object_id_from": 4, "content_type_from": 42, "position_to": 2, "content_type_to": 33, "position_from": 1, "object_id_to": 15}}, {"pk": 7, "model": "scores.qualification", "fields": {"object_id_from": 1, "content_type_from": 42, "position_to": 1, "content_type_to": 33, "position_from": 2, "object_id_to": 16}}, {"pk": 8, "model": "scores.qualification", "fields": {"object_id_from": 3, "content_type_from": 42, "position_to": 2, "content_type_to": 33, "position_from": 1, "object_id_to": 16}}, {"pk": 9, "model": "scores.qualification", "fields": {"object_id_from": 1, "content_type_from": 42, "position_to": 1, "content_type_to": 33, "position_from": 3, "object_id_to": 17}}, {"pk": 10, "model": "scores.qualification", "fields": {"object_id_from": 3, "content_type_from": 42, "position_to": 2, "content_type_to": 33, "position_from": 3, "object_id_to": 17}}, {"pk": 11, "model": "scores.qualification", "fields": {"object_id_from": 2, "content_type_from": 42, "position_to": 1, "content_type_to": 33, "position_from": 3, "object_id_to": 18}}, {"pk": 12, "model": "scores.qualification", "fields": {"object_id_from": 4, "content_type_from": 42, "position_to": 2, "content_type_to": 33, "position_from": 3, "object_id_to": 18}}, {"pk": 13, "model": "scores.qualification", "fields": {"object_id_from": 1, "content_type_from": 42, "position_to": 0, "content_type_to": 42, "position_from": 3, "object_id_to": 6}}, {"pk": 14, "model": "scores.qualification", "fields": {"object_id_from": 2, "content_type_from": 42, "position_to": 0, "content_type_to": 42, "position_from": 3, "object_id_to": 6}}, {"pk": 15, "model": "scores.qualification", "fields": {"object_id_from": 3, "content_type_from": 42, "position_to": 0, "content_type_to": 42, "position_from": 3, "object_id_to": 6}}, {"pk": 16, "model": "scores.qualification", "fields": {"object_id_from": 4, "content_type_from": 42, "position_to": 0, "content_type_to": 42, "position_from": 3, "object_id_to": 6}}, {"pk": 17, "model": "scores.qualification", "fields": {"object_id_from": 1, "content_type_from": 42, "position_to": 0, "content_type_to": 42, "position_from": 1, "object_id_to": 5}}, {"pk": 18, "model": "scores.qualification", "fields": {"object_id_from": 2, "content_type_from": 42, "position_to": 0, "content_type_to": 42, "position_from": 1, "object_id_to": 5}}, {"pk": 19, "model": "scores.qualification", "fields": {"object_id_from": 3, "content_type_from": 42, "position_to": 0, "content_type_to": 42, "position_from": 1, "object_id_to": 5}}, {"pk": 20, "model": "scores.qualification", "fields": {"object_id_from": 4, "content_type_from": 42, "position_to": 0, "content_type_to": 42, "position_from": 1, "object_id_to": 5}}, {"pk": 21, "model": "scores.qualification", "fields": {"object_id_from": 1, "content_type_from": 42, "position_to": 0, "content_type_to": 42, "position_from": 2, "object_id_to": 5}}, {"pk": 22, "model": "scores.qualification", "fields": {"object_id_from": 2, "content_type_from": 42, "position_to": 0, "content_type_to": 42, "position_from": 2, "object_id_to": 5}}, {"pk": 23, "model": "scores.qualification", "fields": {"object_id_from": 3, "content_type_from": 42, "position_to": 0, "content_type_to": 42, "position_from": 2, "object_id_to": 5}}, {"pk": 24, "model": "scores.qualification", "fields": {"object_id_from": 4, "content_type_from": 42, "position_to": 0, "content_type_to": 42, "position_from": 2, "object_id_to": 5}}, {"pk": 25, "model": "scores.qualification", "fields": {"object_id_from": 13, "content_type_from": 33, "position_to": 1, "content_type_to": 33, "position_from": 2, "object_id_to": 19}}, {"pk": 26, "model": "scores.qualification", "fields": {"object_id_from": 14, "content_type_from": 33, "position_to": 2, "content_type_to": 33, "position_from": 2, "object_id_to": 19}}, {"pk": 27, "model": "scores.qualification", "fields": {"object_id_from": 15, "content_type_from": 33, "position_to": 1, "content_type_to": 33, "position_from": 2, "object_id_to": 20}}, {"pk": 28, "model": "scores.qualification", "fields": {"object_id_from": 16, "content_type_from": 33, "position_to": 2, "content_type_to": 33, "position_from": 2, "object_id_to": 20}}, {"pk": 1, "model": "scores.gamemomenttype", "fields": {"name": "game start"}}, {"pk": 2, "model": "scores.gamemomenttype", "fields": {"name": "point"}}, {"pk": 3, "model": "scores.gamemomenttype", "fields": {"name": "game end"}}, {"pk": 1, "model": "scores.gamemoment", "fields": {"moment_type": 1, "team": null, "player2": null, "game": 1, "player1": null, "time": 0, "desc": ""}}, {"pk": 2, "model": "scores.gamemoment", "fields": {"moment_type": 2, "team": 1, "player2": 13, "game": 1, "player1": 1, "time": 180, "desc": ""}}, {"pk": 3, "model": "scores.gamemoment", "fields": {"moment_type": 3, "team": null, "player2": null, "game": 1, "player1": null, "time": 5400, "desc": ""}}]